"Site Crawled","https://veteranstransitionsupport.org/"
"Start Date","2026-05-14"
"Start Time","12:19:36"
"Last Modified Date","2026-05-14"
"Last Modified Time","12:21:21"
"Elapsed","00:01:44"
"Report Date","2026-05-14"
"Report Time","12:22:06"
""
"Summary","URLs","% of Total","Total URLs","Total URLs Description"
"Total URLs Encountered","500","100.00%","500","URLs Encountered"
"Total URLs Crawled","498","99.60%","500","URLs Encountered"
"Total Internal blocked by robots.txt","0","0.00%","500","URLs Encountered"
"Total External blocked by robots.txt","2","0.40%","500","URLs Encountered"
""
"URLs Displayed","500","100.00%","500","URLs Displayed"
"Total Internal URLs","439","87.80%","500","URLs Displayed"
"Total External URLs","61","12.20%","500","URLs Displayed"
"Total Internal Indexable URLs","391","78.20%","500","URLs Displayed"
"Total Internal Non-Indexable URLs","48","9.60%","500","URLs Displayed"
""
"Internal"
"All","439","100.00%","439","Internal URLs"
"HTML","92","20.96%","439","Internal URLs"
"JavaScript","23","5.24%","439","Internal URLs"
"CSS","126","28.70%","439","Internal URLs"
"Images","197","44.87%","439","Internal URLs"
"Media","0","0.00%","439","Internal URLs"
"Fonts","0","0.00%","439","Internal URLs"
"XML","0","0.00%","439","Internal URLs"
"PDF","0","0.00%","439","Internal URLs"
"Plugins","0","0.00%","439","Internal URLs"
"Other","1","0.23%","439","Internal URLs"
"Unknown","0","0.00%","439","Internal URLs"
""
"External"
"All","61","100.00%","61","External URLs"
"HTML","53","86.89%","61","External URLs"
"JavaScript","1","1.64%","61","External URLs"
"CSS","0","0.00%","61","External URLs"
"Images","0","0.00%","61","External URLs"
"Media","0","0.00%","61","External URLs"
"Fonts","0","0.00%","61","External URLs"
"XML","0","0.00%","61","External URLs"
"PDF","1","1.64%","61","External URLs"
"Plugins","0","0.00%","61","External URLs"
"Other","4","6.56%","61","External URLs"
"Unknown","2","3.28%","61","External URLs"
""
"Security"
"All","439","100.00%","439","All internal and non-HTML external URLs"
"HTTP URLs","1","0.23%","439","All internal and non-HTML external URLs"
"HTTPS URLs","438","99.77%","439","All internal and non-HTML external URLs"
"Mixed Content","0","0.00%","439","All internal and non-HTML external URLs"
"Form URL Insecure","0","0.00%","439","All internal and non-HTML external URLs"
"Form on HTTP URL","0","0.00%","439","All internal and non-HTML external URLs"
"Unsafe Cross-Origin Links","89","20.27%","439","All internal and non-HTML external URLs"
"Protocol-Relative Resource Links","0","0.00%","439","All internal and non-HTML external URLs"
"Missing HSTS Header","435","99.09%","439","All internal and non-HTML external URLs"
"Missing Content-Security-Policy Header","435","99.09%","439","All internal and non-HTML external URLs"
"Missing X-Content-Type-Options Header","434","98.86%","439","All internal and non-HTML external URLs"
"Missing X-Frame-Options Header","434","98.86%","439","All internal and non-HTML external URLs"
"Missing Secure Referrer-Policy Header","435","99.09%","439","All internal and non-HTML external URLs"
"Bad Content Type","0","0.00%","439","All internal and non-HTML external URLs"
""
"Response Codes"
"All","500","100.00%","500","All Internal & External Crawled URLs"
"Blocked by Robots.txt","2","0.40%","500","All Internal & External Crawled URLs"
"Blocked Resource","0","0.00%","500","All Internal & External Crawled URLs"
"No Response","3","0.60%","500","All Internal & External Crawled URLs"
"Success (2xx)","477","95.40%","500","All Internal & External Crawled URLs"
"Redirection (3xx)","14","2.80%","500","All Internal & External Crawled URLs"
"Redirection (JavaScript)","0","0.00%","500","All Internal & External Crawled URLs"
"Redirection (Meta Refresh)","0","0.00%","500","All Internal & External Crawled URLs"
"Redirection (HTTP Refresh)","0","0.00%","500","All Internal & External Crawled URLs"
"Client Error (4xx)","4","0.80%","500","All Internal & External Crawled URLs"
"Server Error (5xx)","0","0.00%","500","All Internal & External Crawled URLs"
"Internal All","439","87.80%","500","All Internal Crawled URLs"
"Internal Blocked by Robots.txt","0","0.00%","500","All Internal Crawled URLs"
"Internal Blocked Resource","0","0.00%","500","All Internal Crawled URLs"
"Internal No Response","1","0.20%","500","All Internal Crawled URLs"
"Internal Success (2xx)","435","87.00%","500","All Internal Crawled URLs"
"Internal Redirection (3xx)","1","0.20%","500","All Internal Crawled URLs"
"Internal Redirection (JavaScript)","0","0.00%","500","All Internal Crawled URLs"
"Internal Redirection (Meta Refresh)","0","0.00%","500","All Internal Crawled URLs"
"Internal Redirection (HTTP Refresh)","0","0.00%","500","All Internal Crawled URLs"
"Internal Redirect Chain","0","0.00%","500","All Internal Crawled URLs"
"Internal Redirect Loop","0","0.00%","500","All Internal Crawled URLs"
"Internal Client Error (4xx)","2","0.40%","500","All Internal Crawled URLs"
"Internal Server Error (5xx)","0","0.00%","500","All Internal Crawled URLs"
"External All","61","12.20%","500","All External Crawled URLs"
"External Blocked by Robots.txt","2","0.40%","500","All External Crawled URLs"
"External Blocked Resource","0","0.00%","500","All External Crawled URLs"
"External No Response","2","0.40%","500","All External Crawled URLs"
"External Success (2xx)","42","8.40%","500","All External Crawled URLs"
"External Redirection (3xx)","13","2.60%","500","All External Crawled URLs"
"External Redirection (JavaScript)","0","0.00%","500","All External Crawled URLs"
"External Redirection (Meta Refresh)","0","0.00%","500","All External Crawled URLs"
"External Redirection (HTTP Refresh)","0","0.00%","500","All External Crawled URLs"
"External Client Error (4xx)","2","0.40%","500","All External Crawled URLs"
"External Server Error (5xx)","0","0.00%","500","All External Crawled URLs"
""
"URL"
"All","439","100.00%","439","Internal URLs"
"Non ASCII Characters","0","0.00%","439","Internal URLs"
"Underscores","0","0.00%","439","Internal URLs"
"Uppercase","0","0.00%","439","Internal URLs"
"Multiple Slashes","0","0.00%","439","Internal URLs"
"Repetitive Path","0","0.00%","439","Internal URLs"
"Contains Space","0","0.00%","439","Internal URLs"
"Internal Search","0","0.00%","439","Internal URLs"
"Parameters","6","1.37%","439","Internal URLs"
"Broken Bookmark","0","0.00%","439","Internal URLs"
"GA Tracking Parameters","0","0.00%","439","Internal URLs"
"Over 115 Characters","2","0.46%","439","Internal URLs"
""
"Page Titles"
"All","89","100.00%","89","Internal HTML pages with 2xx response"
"Missing","0","0.00%","89","Internal HTML pages with 2xx response"
"Duplicate","23","25.84%","89","Internal HTML pages with 2xx response"
"Over 60 Characters","18","20.22%","89","Internal HTML pages with 2xx response"
"Below 30 Characters","0","0.00%","89","Internal HTML pages with 2xx response"
"Over 561 Pixels","18","20.22%","89","Internal HTML pages with 2xx response"
"Below 200 Pixels","0","0.00%","89","Internal HTML pages with 2xx response"
"Same as H1","0","0.00%","89","Internal HTML pages with 2xx response"
"Multiple","0","0.00%","89","Internal HTML pages with 2xx response"
"Outside <head>","0","0.00%","89","Internal HTML pages with 2xx response"
""
"Meta Description"
"All","89","100.00%","89","Internal HTML pages with 2xx response"
"Missing","2","2.25%","89","Internal HTML pages with 2xx response"
"Duplicate","10","11.24%","89","Internal HTML pages with 2xx response"
"Over 155 Characters","4","4.49%","89","Internal HTML pages with 2xx response"
"Below 70 Characters","8","8.99%","89","Internal HTML pages with 2xx response"
"Over 985 Pixels","1","1.12%","89","Internal HTML pages with 2xx response"
"Below 400 Pixels","4","4.49%","89","Internal HTML pages with 2xx response"
"Multiple","0","0.00%","89","Internal HTML pages with 2xx response"
"Outside <head>","0","0.00%","89","Internal HTML pages with 2xx response"
""
"Meta Keywords"
"All","89","100.00%","89","Internal HTML pages with 2xx response"
"Missing","45","50.56%","89","Internal HTML pages with 2xx response"
"Duplicate","0","0.00%","89","Internal HTML pages with 2xx response"
"Multiple","0","0.00%","89","Internal HTML pages with 2xx response"
""
"H1"
"All","89","100.00%","89","Internal HTML pages with 2xx response"
"Missing","4","4.49%","89","Internal HTML pages with 2xx response"
"Duplicate","2","2.25%","89","Internal HTML pages with 2xx response"
"Over 70 Characters","8","8.99%","89","Internal HTML pages with 2xx response"
"Multiple","1","1.12%","89","Internal HTML pages with 2xx response"
"Alt Text in H1","0","0.00%","89","Internal HTML pages with 2xx response"
"Non-Sequential","0","0.00%","89","Internal HTML pages with 2xx response"
""
"H2"
"All","89","100.00%","89","Internal HTML pages with 2xx response"
"Missing","4","4.49%","89","Internal HTML pages with 2xx response"
"Duplicate","16","17.98%","89","Internal HTML pages with 2xx response"
"Over 70 Characters","0","0.00%","89","Internal HTML pages with 2xx response"
"Multiple","38","42.70%","89","Internal HTML pages with 2xx response"
"Non-Sequential","7","7.87%","89","Internal HTML pages with 2xx response"
""
"Content"
"All","89","100.00%","89","Internal HTML pages with 2xx response"
"Exact Duplicates","0","0.00%","89","Internal HTML pages with 2xx response"
"Near Duplicates","0","0.00%","89","Internal HTML pages with 2xx response"
"Semantically Similar","0","0.00%","89","Internal HTML pages with 2xx response"
"Low Relevance Content","0","0.00%","89","Internal HTML pages with 2xx response"
"Low Content Pages","16","17.98%","89","Internal HTML pages with 2xx response"
"Soft 404 Pages","0","0.00%","89","Internal HTML pages with 2xx response"
"Spelling Errors","0","0.00%","89","Internal HTML pages with 2xx response"
"Grammar Errors","0","0.00%","89","Internal HTML pages with 2xx response"
"Readability Difficult","12","13.48%","89","Internal HTML pages with 2xx response"
"Readability Very Difficult","2","2.25%","89","Internal HTML pages with 2xx response"
"Lorem Ipsum Placeholder","0","0.00%","89","Internal HTML pages with 2xx response"
""
"Images"
"All","197","100.00%","197","Images with 2xx response"
"Over 100 KB","98","49.75%","197","Images with 2xx response"
"Missing Alt Text","55","27.92%","197","Images with 2xx response"
"Missing Alt Attribute","0","0.00%","197","Images with 2xx response"
"Alt Text Over 100 Characters","3","1.52%","197","Images with 2xx response"
"Background Images","0","0.00%","197","Images with 2xx response"
"Incorrectly Sized Images","0","0.00%","197","Images with 2xx response"
"Missing Size Attributes","0","0.00%","197","Images with 2xx response"
""
"Canonicals"
"All","89","100.00%","89","Internal HTML or PDF pages with 2xx response"
"Contains Canonical","89","100.00%","89","Internal HTML or PDF pages with 2xx response"
"Self Referencing","45","50.56%","89","Internal HTML or PDF pages with 2xx response"
"Canonicalised","44","49.44%","89","Internal HTML or PDF pages with 2xx response"
"Missing","0","0.00%","89","Internal HTML or PDF pages with 2xx response"
"Multiple","0","0.00%","89","Internal HTML or PDF pages with 2xx response"
"Multiple Conflicting","0","0.00%","89","Internal HTML or PDF pages with 2xx response"
"Non-Indexable Canonical","0","0.00%","89","Internal HTML or PDF pages with 2xx response"
"Canonical Is Relative","0","0.00%","89","Internal HTML or PDF pages with 2xx response"
"Unlinked","0","0.00%","89","Internal HTML or PDF pages with 2xx response"
"Invalid Attribute In Annotation","0","0.00%","89","Internal HTML or PDF pages with 2xx response"
"Contains Fragment URL","0","0.00%","89","Internal HTML or PDF pages with 2xx response"
"Outside <head>","0","0.00%","89","Internal HTML or PDF pages with 2xx response"
""
"Pagination"
"All","89","100.00%","89","Internal HTML pages with 2xx response"
"Contains Pagination","45","50.56%","89","Internal HTML pages with 2xx response"
"First Page","45","50.56%","89","Internal HTML pages with 2xx response"
"Paginated 2+ Pages","0","0.00%","89","Internal HTML pages with 2xx response"
"Pagination URL Not in Anchor Tag","45","50.56%","89","Internal HTML pages with 2xx response"
"Non-200 Pagination URLs","0","0.00%","89","Internal HTML pages with 2xx response"
"Unlinked Pagination URLs","0","0.00%","89","Internal HTML pages with 2xx response"
"Non-Indexable","44","49.44%","89","Internal HTML pages with 2xx response"
"Multiple Pagination URLs","0","0.00%","89","Internal HTML pages with 2xx response"
"Pagination Loop","0","0.00%","89","Internal HTML pages with 2xx response"
"Sequence Error","0","0.00%","89","Internal HTML pages with 2xx response"
""
"Directives"
"All","435","100.00%","435","Internal URLs with 2xx response"
"Index","89","20.46%","435","Internal URLs with 2xx response"
"Noindex","0","0.00%","435","Internal URLs with 2xx response"
"Follow","89","20.46%","435","Internal URLs with 2xx response"
"Nofollow","0","0.00%","435","Internal URLs with 2xx response"
"None","0","0.00%","435","Internal URLs with 2xx response"
"NoArchive","0","0.00%","435","Internal URLs with 2xx response"
"NoSnippet","0","0.00%","435","Internal URLs with 2xx response"
"Max-Snippet","44","10.11%","435","Internal URLs with 2xx response"
"Max-Image-Preview","44","10.11%","435","Internal URLs with 2xx response"
"Max-Video-Preview","44","10.11%","435","Internal URLs with 2xx response"
"NoODP","0","0.00%","435","Internal URLs with 2xx response"
"NoYDIR","0","0.00%","435","Internal URLs with 2xx response"
"NoImageIndex","0","0.00%","435","Internal URLs with 2xx response"
"NoTranslate","0","0.00%","435","Internal URLs with 2xx response"
"Unavailable_After","0","0.00%","435","Internal URLs with 2xx response"
"Refresh","0","0.00%","92","Internal HTML pages with 2xx response"
"Outside <head>","0","0.00%","435","Internal URLs with 2xx response"
""
"Hreflang"
"All","89","100.00%","89","Internal pages with 2xx response"
"Contains hreflang","0","0.00%","89","Internal pages with 2xx response"
"Non-200 hreflang URLs","0","0.00%","89","Internal pages with 2xx response"
"Unlinked hreflang URLs","0","0.00%","89","Internal pages with 2xx response"
"Missing Return Links","0","0.00%","89","Internal pages with 2xx response"
"Inconsistent Language & Region Return Links","0","0.00%","89","Internal pages with 2xx response"
"Non-Canonical Return Links","0","0.00%","89","Internal pages with 2xx response"
"Noindex Return Links","0","0.00%","89","Internal pages with 2xx response"
"Incorrect Language & Region Codes","0","0.00%","89","Internal pages with 2xx response"
"Multiple Entries","0","0.00%","89","Internal pages with 2xx response"
"Missing Self Reference","0","0.00%","89","Internal pages with 2xx response"
"Not Using Canonical","0","0.00%","89","Internal pages with 2xx response"
"Missing X-Default","0","0.00%","89","Internal pages with 2xx response"
"Missing","0","0.00%","89","Internal pages with 2xx response"
"Outside <head>","0","0.00%","89","Internal pages with 2xx response"
""
"JavaScript"
"All","89","100.00%","89","Internal HTML pages with 2xx response"
"Pages with Blocked Resources","0","0.00%","89","Internal HTML pages with 2xx response"
"Contains JavaScript Links","0","0.00%","89","Internal HTML pages with 2xx response"
"Contains JavaScript Content","0","0.00%","89","Internal HTML pages with 2xx response"
"Noindex Only in Original HTML","0","0.00%","89","Internal HTML pages with 2xx response"
"Nofollow Only in Original HTML","0","0.00%","89","Internal HTML pages with 2xx response"
"Canonical Only in Rendered HTML","0","0.00%","89","Internal HTML pages with 2xx response"
"Canonical Mismatch","0","0.00%","89","Internal HTML pages with 2xx response"
"Page Title Only in Rendered HTML","0","0.00%","89","Internal HTML pages with 2xx response"
"Page Title Updated by JavaScript","0","0.00%","89","Internal HTML pages with 2xx response"
"Meta Description Only in Rendered HTML","0","0.00%","89","Internal HTML pages with 2xx response"
"Meta Description Updated by JavaScript","0","0.00%","89","Internal HTML pages with 2xx response"
"H1 Only in Rendered HTML","0","0.00%","89","Internal HTML pages with 2xx response"
"H1 Updated by JavaScript","0","0.00%","89","Internal HTML pages with 2xx response"
"Uses Old AJAX Crawling Scheme URLs","0","0.00%","89","Internal HTML pages with 2xx response"
"Uses Old AJAX Crawling Scheme Meta Fragment Tag","0","0.00%","89","Internal HTML pages with 2xx response"
"Pages with JavaScript Errors","0","0.00%","89","Internal HTML pages with 2xx response"
"Pages with JavaScript Warnings","0","0.00%","89","Internal HTML pages with 2xx response"
"Pages with Chrome Issues","0","0.00%","89","Internal HTML pages with 2xx response"
""
"Links"
"All","89","100.00%","89","Internal HTML pages with 2xx response"
"Pages With High Crawl Depth","0","0.00%","89","Internal HTML pages with 2xx response"
"Pages Without Internal Outlinks","0","0.00%","89","Internal HTML pages with 2xx response"
"Internal Nofollow Outlinks","53","59.55%","89","Internal HTML pages with 2xx response"
"Internal Outlinks With No Anchor Text","89","100.00%","89","Internal HTML pages with 2xx response"
"Non-Descriptive Anchor Text In Internal Outlinks","1","1.12%","89","Internal HTML pages with 2xx response"
"Pages With High External Outlinks","89","100.00%","89","Internal HTML pages with 2xx response"
"Pages With High Internal Outlinks","0","0.00%","89","Internal HTML pages with 2xx response"
"Follow & Nofollow Internal Inlinks To Page","0","0.00%","89","Internal HTML pages with 2xx response"
"Internal Nofollow Inlinks Only","0","0.00%","89","Internal HTML pages with 2xx response"
"Outlinks To Localhost","0","0.00%","89","Internal HTML pages with 2xx response"
"Non-Indexable Page Inlinks Only","0","0.00%","89","Internal HTML pages with 2xx response"
""
"AMP"
"All","0","0.00%","0","Internal AMP URLs"
"Non-200 Response","0","0.00%","92","Internal HTML URLs"
"Missing Non-AMP Return Link","0","0.00%","0","Internal AMP URLs"
"Missing Canonical to Non-AMP","0","0.00%","0","Internal AMP URLs"
"Non-Indexable Canonical","0","0.00%","0","Internal AMP URLs"
"Indexable","0","0.00%","0","Internal AMP URLs"
"Non-Indexable","0","0.00%","0","Internal AMP URLs"
"Missing <html amp> Tag","0","0.00%","92","Internal HTML URLs"
"Missing/Invalid <!doctype html> Tag","0","0.00%","0","Internal AMP URLs"
"Missing <head> Tag","0","0.00%","0","Internal AMP URLs"
"Missing <body> Tag","0","0.00%","0","Internal AMP URLs"
"Missing Canonical","0","0.00%","0","Internal AMP URLs"
"Missing/Invalid <meta charset> Tag","0","0.00%","0","Internal AMP URLs"
"Missing/Invalid <meta viewport> Tag","0","0.00%","0","Internal AMP URLs"
"Missing/Invalid AMP Script","0","0.00%","0","Internal AMP URLs"
"Missing/Invalid AMP Boilerplate","0","0.00%","0","Internal AMP URLs"
"Contains Disallowed HTML","0","0.00%","0","Internal AMP URLs"
"Other Validation Errors","0","0.00%","0","Internal AMP URLs"
""
"Structured Data"
"All","89","100.00%","89","Internal HTML pages with 2xx response"
"Contains Structured Data","0","0.00%","89","Internal HTML pages with 2xx response"
"Missing","0","0.00%","89","Internal HTML pages with 2xx response"
"Validation Errors","0","0.00%","89","Internal HTML pages with 2xx response"
"Validation Warnings","0","0.00%","89","Internal HTML pages with 2xx response"
"Rich Result Validation Errors","0","0.00%","89","Internal HTML pages with 2xx response"
"Rich Result Validation Warnings","0","0.00%","89","Internal HTML pages with 2xx response"
"Parse Errors","0","0.00%","89","Internal HTML pages with 2xx response"
"Microdata URLs","0","0.00%","89","Internal HTML pages with 2xx response"
"JSON-LD URLs","0","0.00%","89","Internal HTML pages with 2xx response"
"RDFa URLs","0","0.00%","89","Internal HTML pages with 2xx response"
"Rich Result Feature Detected","0","0.00%","89","Internal HTML pages with 2xx response"
""
"Sitemaps"
"All","93","100.00%","93","Internal HTML/XML pages"
"URLs in Sitemap","0","0.00%","93","Internal HTML/XML pages"
"URLs not in Sitemap","0","0.00%","93","Internal HTML/XML pages"
"Orphan URLs","0","0.00%","93","Internal HTML/XML pages"
"Non-Indexable URLs in Sitemap","0","0.00%","93","Internal HTML/XML pages"
"URLs in Multiple Sitemaps","0","0.00%","93","Internal HTML/XML pages"
"XML Sitemap with over 50k URLs","0","0.00%","93","Internal HTML/XML pages"
"XML Sitemap over 50MB","0","0.00%","93","Internal HTML/XML pages"
""
"PageSpeed"
"All","89","100.00%","89","Internal HTML URLs with 2xx response"
"Document Request Latency","0","0.00%","89","Internal HTML URLs with 2xx response"
"LCP Request Discovery","0","0.00%","89","Internal HTML URLs with 2xx response"
"Render Blocking Requests","0","0.00%","89","Internal HTML URLs with 2xx response"
"Network Dependency Tree","0","0.00%","89","Internal HTML URLs with 2xx response"
"Use Efficient Cache Lifetimes","0","0.00%","89","Internal HTML URLs with 2xx response"
"Layout Shift Culprits","0","0.00%","89","Internal HTML URLs with 2xx response"
"Optimize DOM Size","0","0.00%","89","Internal HTML URLs with 2xx response"
"Improve Image Delivery","0","0.00%","89","Internal HTML URLs with 2xx response"
"Forced Reflow","0","0.00%","89","Internal HTML URLs with 2xx response"
"Legacy JavaScript","0","0.00%","89","Internal HTML URLs with 2xx response"
"Duplicated JavaScript","0","0.00%","89","Internal HTML URLs with 2xx response"
"Font Display","0","0.00%","89","Internal HTML URLs with 2xx response"
"Avoid Enormous Network Payloads","0","0.00%","89","Internal HTML URLs with 2xx response"
"Minify CSS","0","0.00%","89","Internal HTML URLs with 2xx response"
"Minify JavaScript","0","0.00%","89","Internal HTML URLs with 2xx response"
"Reduce Unused CSS","0","0.00%","89","Internal HTML URLs with 2xx response"
"Reduce Unused JavaScript","0","0.00%","89","Internal HTML URLs with 2xx response"
"Reduce JavaScript Execution Time","0","0.00%","89","Internal HTML URLs with 2xx response"
"Minimize Main-Thread Work","0","0.00%","89","Internal HTML URLs with 2xx response"
"Request Errors","0","0.00%","89","Internal HTML URLs with 2xx response"
""
"Mobile"
"All","89","100.00%","89",""
"Viewport Not Set","0","0.00%","89",""
"Target Size","0","0.00%","89",""
"Content Not Sized Correctly","0","0.00%","89",""
"Illegible Font Size","0","0.00%","89",""
"Contains Unsupported Plugins","0","0.00%","89",""
"Mobile Alternate Link","0","0.00%","89",""
""
"Accessibility"
"All","89","100.00%","89",""
"Accessibility Score Poor","0","0.00%","89",""
"Accessibility Score Needs Improvement","0","0.00%","89",""
"Accessibility Score Good","0","0.00%","89",""
"WCAG 2.0 A Violation","0","0.00%","89",""
"WCAG 2.0 AA Violation","0","0.00%","89",""
"WCAG 2.0 AAA Violation","0","0.00%","89",""
"WCAG 2.1 AA Violation","0","0.00%","89",""
"WCAG 2.2 AA Violation","0","0.00%","89",""
"Best Practice Violation","0","0.00%","89",""
"Accesskey Attribute Value Must Be Unique","0","0.00%","89",""
"Ensure Elements Marked Presentational Are Ignored","0","0.00%","89",""
"Elements Must Not Have Tabindex Greater Than Zero","0","0.00%","89",""
"Scrollable Region Requires Keyboard Access","0","0.00%","89",""
"Skip-link Target Should Exist & Be Focusable","0","0.00%","89",""
"Required ARIA Attributes Must Be Provided","0","0.00%","89",""
"Role=text Should Have No Focusable Descendants","0","0.00%","89",""
"ARIA Attribute Must Be Used As Specified For Role","0","0.00%","89",""
"ARIA Attributes Require Valid Values","0","0.00%","89",""
"ARIA Attributes Require Valid Names","0","0.00%","89",""
"ARIA Commands Require Accessible Name","0","0.00%","89",""
"ARIA Dialog & Alertdialog Require Accessible Name","0","0.00%","89",""
"ARIA Input Fields Require Accessible Name","0","0.00%","89",""
"ARIA Meter Nodes Require Accessible Name","0","0.00%","89",""
"ARIA Progressbar Nodes Require Accessible Name","0","0.00%","89",""
"ARIA Role Should Be Appropriate For Element","0","0.00%","89",""
"ARIA Roles Must Be Contained By Required Parent","0","0.00%","89",""
"ARIA Roles Require Valid Values","0","0.00%","89",""
"ARIA Toggle Fields Require Accessible Name","0","0.00%","89",""
"ARIA Tooltip Nodes Require Accessible Name","0","0.00%","89",""
"ARIA Treeitem Nodes Require Accessible Name","0","0.00%","89",""
"Certain ARIA Roles Must Contain Specific Children","0","0.00%","89",""
"Deprecated ARIA Roles Must Not Be Used","0","0.00%","89",""
"Aria-braille Require Non-braille Equivalent","0","0.00%","89",""
"Aria-hidden Elements Contains Focusable Elements","0","0.00%","89",""
"Aria-hidden=true Must Not Be Used In <body>","0","0.00%","89",""
"Elements Must Only Use Permitted ARIA Attributes","0","0.00%","89",""
"Elements Must Use Allowed ARIA Attributes","0","0.00%","89",""
"IDs Used In ARIA & Labels Must Be Unique","0","0.00%","89",""
"Page Requires Means To Bypass Repeated Blocks","0","0.00%","89",""
"All Page Content Must Be Contained By Landmarks","0","0.00%","89",""
"Page Requires One Main Landmark","0","0.00%","89",""
"Page Must Not Have More Than One Banner Landmark","0","0.00%","89",""
"Banner Landmark Must Not Be In Another Landmark","0","0.00%","89",""
"Page Must Not Have Multiple Contentinfo Landmarks","0","0.00%","89",""
"Page Requires At Most One Main Landmark","0","0.00%","89",""
"Complementary Landmarks & Asides Must Be Top Level","0","0.00%","89",""
"Contentinfo Landmark Must Be Top Level Landmark","0","0.00%","89",""
"Main Landmark Must Not Be In Another Landmark","0","0.00%","89",""
"Landmarks Require Unique Role Or Accessible Name","0","0.00%","89",""
"Form Field Must Not Have Multiple Label Elements","0","0.00%","89",""
"Form <input> Elements Require Labels","0","0.00%","89",""
"Form Elements Should Have Visible Label","0","0.00%","89",""
"Autocomplete Attribute Must Be Used Correctly","0","0.00%","89",""
"Frames Require Title Attribute","0","0.00%","89",""
"Frames Require Unique Title Attribute","0","0.00%","89",""
"Frames Should Be Tested With axe-core","0","0.00%","89",""
"Frames With Focusable Content Must Not Use tabindex=-1","0","0.00%","89",""
"Page Must Contain <title>","0","0.00%","89",""
"Page Must Contain <h1>","0","0.00%","89",""
"Heading Levels Should Only Increase By One","0","0.00%","89",""
"Headings Should Not Be Empty","0","0.00%","89",""
"Meta Viewport Should Allow Zoom & Scale Up to 500%","0","0.00%","89",""
"Meta Viewport Zoom & Scaling Disabled","0","0.00%","89",""
"HTML Element Lang Attribute Value Must Be Valid","0","0.00%","89",""
"HTML Element Requires Lang Attribute","0","0.00%","89",""
"HTML Lang & XML Lang Value Should Match","0","0.00%","89",""
"Lang Attribute Requires Valid Value","0","0.00%","89",""
"Delayed Meta Refresh Must Not Be Used","0","0.00%","89",""
"Timed Meta Refresh Must Not Exist","0","0.00%","89",""
"Image Button Requires Alternate Text","0","0.00%","89",""
"Images Require Alternate Text","0","0.00%","89",""
"<object> Elements Require Alternate Text","0","0.00%","89",""
"Active <area> Elements Require Alternate Text","0","0.00%","89",""
"Alt Text Should Not Be Repeated As Text","0","0.00%","89",""
"Elements Marked role=img Require Alternate Text","0","0.00%","89",""
"SVG Images & Graphics Require Accessible Text","0","0.00%","89",""
"Server-Side Image Maps Must Not Be Used","0","0.00%","89",""
"<video> Elements Require <track> For Captions","0","0.00%","89",""
"<video> or <audio> Elements Must Not Auto-play","0","0.00%","89",""
"Buttons Require Discernible Text","0","0.00%","89",""
"Input Buttons Require Discernible Text","0","0.00%","89",""
"Inline Text Spacing Must Be Adjustable","0","0.00%","89",""
"Links Must Be Distinguishable","0","0.00%","89",""
"Links Require Discernible Text","0","0.00%","89",""
"Links With Same Accessible Name","0","0.00%","89",""
"Select Element Requires Accessible Name","0","0.00%","89",""
"Summary Elements Require Discernible Text","0","0.00%","89",""
"Deprecated <marquee> Element Must Not Be Used","0","0.00%","89",""
"<blink> Elements Deprecated & Must Not Be Used","0","0.00%","89",""
"Text Requires Higher Color Contrast Ratio","0","0.00%","89",""
"Text Requires Higher Color Contrast to Background","0","0.00%","89",""
"Touch Targets Require Sufficient Size & Spacing","0","0.00%","89",""
"Interactive Controls Must Not Be Nested","0","0.00%","89",""
"List Items Must Be Contained In List Elements","0","0.00%","89",""
"Lists Must Only Contain <li> Content Elements","0","0.00%","89",""
"<dl> Must Only Have Ordered <dt> & <dd> Groups","0","0.00%","89",""
"<dt> & <dd> Elements Must Be Contained by <dl>","0","0.00%","89",""
"<th> Element Requires Associated Data Cells","0","0.00%","89",""
"Table Header Attr Must Refer To Cell In Same Table","0","0.00%","89",""
"Table Headers Require Discernible Text","0","0.00%","89",""
"Table With Identical Summary & Caption Text","0","0.00%","89",""
"Scope Attribute Should Be Used Correctly On Tables","0","0.00%","89",""
""
"Custom Search"
"All","89","100.00%","89","Internal HTML pages with 2xx response"
""
"Custom Extraction"
"All","89","100.00%","89","Internal HTML pages with 2xx response"
""
"Custom JavaScript"
"All","435","100.00%","435","Internal HTML pages with 2xx response"
""
"Analytics"
"All","92","100.00%","92","Internal URLs with associated Google Analytics data"
"Sessions Above 0","0","0.00%","92","Internal URLs with associated Google Analytics data"
"Bounce Rate Above 70%","0","0.00%","92","Internal URLs with associated Google Analytics data"
"No GA Data","0","0.00%","92","Internal URLs with associated Google Analytics data"
"Non-Indexable with GA Data","0","0.00%","92","Internal URLs with associated Google Analytics data"
"Orphan URLs","0","0.00%","92","Internal URLs with associated Google Analytics data"
""
"Search Console"
"All","92","100.00%","92","Internal URLs with associated Google Search Console data"
"Clicks Above 0","0","0.00%","92","Internal URLs with associated Google Search Console data"
"No Search Analytics Data","0","0.00%","92","Internal URLs with associated Google Search Console data"
"Non-Indexable with Search Analytics Data","0","0.00%","92","Internal URLs with associated Google Search Console data"
"Orphan URLs","0","0.00%","92","Internal URLs with associated Google Search Console data"
"URL is Not on Google","0","0.00%","92","Internal URLs with associated Google Search Console data"
"Indexable URL Not Indexed","0","0.00%","92","Internal URLs with associated Google Search Console data"
"URL is on Google But Has Issues","0","0.00%","92","Internal URLs with associated Google Search Console data"
"User-Declared Canonical Not Selected","0","0.00%","92","Internal URLs with associated Google Search Console data"
"Page is Not Mobile Friendly","0","0.00%","92","Internal URLs with associated Google Search Console data"
"AMP URL Invalid","0","0.00%","92","Internal URLs with associated Google Search Console data"
"Rich Result Invalid","0","0.00%","92","Internal URLs with associated Google Search Console data"
""
"Validation"
"All","439","100.00%","439","Internal URLs with 2xx response"
"Invalid HTML Elements in <head>","0","0.00%","439","Internal URLs with 2xx response"
"<body> Element Preceding <html>","0","0.00%","439","Internal URLs with 2xx response"
"<head> Not First In <html> Element","0","0.00%","439","Internal URLs with 2xx response"
"Missing <head> Tag","0","0.00%","439","Internal URLs with 2xx response"
"Multiple <head> Tags","0","0.00%","439","Internal URLs with 2xx response"
"Missing <body> Tag","0","0.00%","439","Internal URLs with 2xx response"
"Multiple <body> Tags","0","0.00%","439","Internal URLs with 2xx response"
"HTML Document Over 2MB","0","0.00%","439","Internal URLs with 2xx response"
"Resource Over 2MB","0","0.00%","439","Internal URLs with 2xx response"
"High Carbon Rating","0","0.00%","439","Internal URLs with 2xx response"
""
"Link Metrics"
"All","92","100.00%","92","Internal HTML/PDF pages"
""
"AI"
"All","435","100.00%","435","Internal HTML URLs with 2xx response"
""
""
"Depth (Clicks from Start URL)"
"0","1","1.12%","89","Internal HTML pages with 2xx response"
"1","28","31.46%","89","Internal HTML pages with 2xx response"
"2","52","58.43%","89","Internal HTML pages with 2xx response"
"3","8","8.99%","89","Internal HTML pages with 2xx response"
"4","0","0.00%","89","Internal HTML pages with 2xx response"
"5","0","0.00%","89","Internal HTML pages with 2xx response"
"6","0","0.00%","89","Internal HTML pages with 2xx response"
"7","0","0.00%","89","Internal HTML pages with 2xx response"
"8","0","0.00%","89","Internal HTML pages with 2xx response"
"9","0","0.00%","89","Internal HTML pages with 2xx response"
"10+","0","0.00%","89","Internal HTML pages with 2xx response"
""
"Inlinks (Top 20 URLs)"
"https://veteranstransitionsupport.org/testimonies/","89","100.00%","89","Internal HTML pages with 2xx response"
"https://veteranstransitionsupport.org/va-home-loans/","89","100.00%","89","Internal HTML pages with 2xx response"
"https://veteranstransitionsupport.org/vts-programs/","89","100.00%","89","Internal HTML pages with 2xx response"
"https://veteranstransitionsupport.org/no-cost-lean-six-sigma-yellow-belt-lssyb/","89","100.00%","89","Internal HTML pages with 2xx response"
"https://veteranstransitionsupport.org/our-instructors/","89","100.00%","89","Internal HTML pages with 2xx response"
"https://veteranstransitionsupport.org/no-cost-osha-10-safety-training/","89","100.00%","89","Internal HTML pages with 2xx response"
"https://veteranstransitionsupport.org/contact-us/","89","100.00%","89","Internal HTML pages with 2xx response"
"https://veteranstransitionsupport.org/va-work-study-program/","89","100.00%","89","Internal HTML pages with 2xx response"
"https://veteranstransitionsupport.org/veteran-resources/","89","100.00%","89","Internal HTML pages with 2xx response"
"https://veteranstransitionsupport.org/donors-sponsors/","89","100.00%","89","Internal HTML pages with 2xx response"
"https://veteranstransitionsupport.org/gallery/","89","100.00%","89","Internal HTML pages with 2xx response"
"https://veteranstransitionsupport.org/board-members/","89","100.00%","89","Internal HTML pages with 2xx response"
"https://veteranstransitionsupport.org/volunteer/","89","100.00%","89","Internal HTML pages with 2xx response"
"https://veteranstransitionsupport.org/privacy-policy/","89","100.00%","89","Internal HTML pages with 2xx response"
"https://veteranstransitionsupport.org/va-work-study-program-2/","89","100.00%","89","Internal HTML pages with 2xx response"
"https://veteranstransitionsupport.org/leansixsigmagreenbelt-for-veterans/","89","100.00%","89","Internal HTML pages with 2xx response"
"https://veteranstransitionsupport.org/volunteer-team/","89","100.00%","89","Internal HTML pages with 2xx response"
"https://veteranstransitionsupport.org/va-disability-filing/","89","100.00%","89","Internal HTML pages with 2xx response"
"https://veteranstransitionsupport.org/financials/","89","100.00%","89","Internal HTML pages with 2xx response"
"https://veteranstransitionsupport.org/education-counseling/","89","100.00%","89","Internal HTML pages with 2xx response"
""
"Response Time (Seconds)","URLs","% of Total"
"1","318","72.60%"
"2","111","25.34%"
"3","8","1.83%"
"4","1","0.23%"
