"Address","Status Code","Status"
"https://veteranstransitionsupport.org/","200","OK"
"https://veteranstransitionsupport.org/donate/","200","OK"
"https://veteranstransitionsupport.org/osha-30-training-for-veterans/","200","OK"
"https://veteranstransitionsupport.org/about-us/","200","OK"
"https://veteranstransitionsupport.org/no-cost-coursera/","200","OK"
"https://veteranstransitionsupport.org/events/","200","OK"
"https://veteranstransitionsupport.org/education-counseling/","200","OK"
"https://veteranstransitionsupport.org/financials/","200","OK"
"https://veteranstransitionsupport.org/no-cost-lean-six-sigma-yellow-belt-lssyb/","200","OK"
"https://veteranstransitionsupport.org/va-work-study-program/","200","OK"
"https://veteranstransitionsupport.org/veteran-resources/","200","OK"
"https://veteranstransitionsupport.org/board-members/","200","OK"
"https://veteranstransitionsupport.org/donors-sponsors/","200","OK"
"https://veteranstransitionsupport.org/va-work-study-program-2/","200","OK"
"https://veteranstransitionsupport.org/va-disability-filing/","200","OK"
"https://veteranstransitionsupport.org/event/pre-discharge-va-disability-claim-prep-active-duty-zoom-may-19/","200","OK"
"https://veteranstransitionsupport.org/volunteer-team/","200","OK"
"https://veteranstransitionsupport.org/event/zoom-osha-30-hour-construction-safety-course-may-18-21-2026-250/","200","OK"
"https://veteranstransitionsupport.org/va-home-loans/","200","OK"
"https://veteranstransitionsupport.org/testimonies/","200","OK"
"https://veteranstransitionsupport.org/vts-programs/","200","OK"
"https://veteranstransitionsupport.org/no-cost-osha-10-safety-training/","200","OK"
"https://veteranstransitionsupport.org/our-instructors/","200","OK"
"https://veteranstransitionsupport.org/contact-us/","200","OK"
"https://veteranstransitionsupport.org/event/free-on-line-coursera-certification-courses-for-military-and-spouse/","200","OK"
"https://veteranstransitionsupport.org/gallery/","200","OK"
"https://veteranstransitionsupport.org/volunteer/","200","OK"
"https://veteranstransitionsupport.org/leansixsigmagreenbelt-for-veterans/","200","OK"
"https://veteranstransitionsupport.org/privacy-policy/","200","OK"
"https://veteranstransitionsupport.org/events-calendar/","200","OK"
"https://veteranstransitionsupport.org/osha-30-safety-training/","200","OK"
"https://veteranstransitionsupport.org/events/2026-05-08/","200","OK"
"https://veteranstransitionsupport.org/events/2026-05-28/","200","OK"
"https://veteranstransitionsupport.org/events/2026-05-16/","200","OK"
"https://veteranstransitionsupport.org/events/2026-05-04/","200","OK"
"https://veteranstransitionsupport.org/event/may-4-veteran-career-transition-brief-jobs-resources/","200","OK"
"https://veteranstransitionsupport.org/events/2026-05-24/","200","OK"
"https://veteranstransitionsupport.org/events/2026-05-12/","200","OK"
"https://veteranstransitionsupport.org/event/250-osha-30-hr-construction-safety-in-person-only-may-2-3-9-10-2026/","200","OK"
"https://veteranstransitionsupport.org/events/2026-05-31/","200","OK"
"https://veteranstransitionsupport.org/event/may-4-veteran-career-transition-brief-jobs-resources-on-zoom/","200","OK"
"https://veteranstransitionsupport.org/event/free-lean-six-sigma-yellow-belt-live-instructor-led-zoom-may-30-2026/","200","OK"
"https://veteranstransitionsupport.org/events/month/2026-04/","200","OK"
"https://veteranstransitionsupport.org/event/250-zoom-online-5-day-lean-six-sigma-green-belt-may-4-8-8-5pm-pst/","200","OK"
"https://veteranstransitionsupport.org/events/2026-05-09/","200","OK"
"https://veteranstransitionsupport.org/events/2026-05-29/","200","OK"
"https://veteranstransitionsupport.org/events/2026-05-05/","200","OK"
"https://veteranstransitionsupport.org/events/2026-05-17/","200","OK"
"https://veteranstransitionsupport.org/events/2026-05-25/","200","OK"
"https://veteranstransitionsupport.org/events/2026-05-13/","200","OK"
"https://veteranstransitionsupport.org/events/2026-05-01/","200","OK"
"https://veteranstransitionsupport.org/event/free-osha-10-hour-safety-training-may-02-03-san-marcos-ca/","200","OK"
"https://veteranstransitionsupport.org/events/2026-05-21/","200","OK"
"https://veteranstransitionsupport.org/event/250-zoom-online-5-day-lean-six-sigma-green-belt-05-30-31-06-6-7-8-5pm-pst/","200","OK"
"https://veteranstransitionsupport.org/events/2026-05-20/","200","OK"
"https://veteranstransitionsupport.org/event/free-osha-accident-investigation-recordkeeping-course-live-zoom-may-1/","200","OK"
"https://veteranstransitionsupport.org/event/250-osha-30-hr-general-safety-live-instruction-04-11-12-18-19-2026/","200","OK"
"https://veteranstransitionsupport.org/events/2026-05-06/","200","OK"
"https://veteranstransitionsupport.org/events/2026-05-18/","200","OK"
"https://veteranstransitionsupport.org/events/today/","200","OK"
"https://veteranstransitionsupport.org/events/2026-05-26/","200","OK"
"https://veteranstransitionsupport.org/events/2026-05-10/","200","OK"
"https://veteranstransitionsupport.org/events/2026-05-14/","200","OK"
"https://veteranstransitionsupport.org/events/month/2026-06/","200","OK"
"https://veteranstransitionsupport.org/events/2026-05-02/","200","OK"
"https://veteranstransitionsupport.org/events/2026-05-22/","200","OK"
"https://veteranstransitionsupport.org/event/250-zoom-online-5-day-lean-six-sigma-green-belt-may-30-31-jun-6-7-8-5pmpst/","200","OK"
"https://veteranstransitionsupport.org/events/2026-04-30/","200","OK"
"https://veteranstransitionsupport.org/events/2026-05-19/","200","OK"
"https://veteranstransitionsupport.org/events/2026-05-27/","200","OK"
"https://veteranstransitionsupport.org/events/2026-05-07/","200","OK"
"https://veteranstransitionsupport.org/events/list/","200","OK"
"https://veteranstransitionsupport.org/events/2026-05-15/","200","OK"
"https://veteranstransitionsupport.org/event/free-lean-six-sigma-yellow-belt-live-instructor-led-zoom-may-4-2026/","200","OK"
"https://veteranstransitionsupport.org/events/month/","200","OK"
"https://veteranstransitionsupport.org/events/2026-05-03/","200","OK"
"https://veteranstransitionsupport.org/events/2026-05-23/","200","OK"
"https://veteranstransitionsupport.org/events/2026-05-11/","200","OK"
"https://veteranstransitionsupport.org/events/2026-05-30/","200","OK"
"https://veteranstransitionsupport.org/event/may-30-veteran-career-transition-brief-jobs-resources/","200","OK"
"https://veteranstransitionsupport.org/organizer/veterans-transition-support-vts/","200","OK"
"https://veteranstransitionsupport.org/venue/vts/","200","OK"
"https://veteranstransitionsupport.org/events/list/?tribe-bar-date=2026-05-12","200","OK"
"https://veteranstransitionsupport.org/events/list/?tribe-bar-date=2026-05-24","200","OK"
"https://veteranstransitionsupport.org/events/list/?tribe-bar-date=2026-05-04","200","OK"
"https://veteranstransitionsupport.org/events/list/?tribe-bar-date=2026-05-16","200","OK"
"https://veteranstransitionsupport.org/events/list/?tribe-bar-date=2026-05-28","200","OK"
"https://veteranstransitionsupport.org/events/list/?tribe-bar-date=2026-05-08","200","OK"
"https://veteranstransitionsupport.org/events/month/2026-05/","200","OK"
