"Address","Content Type","Status Code","Status"
"https://veteranstransitionsupport.org/","text/html; charset=UTF-8","200","OK"
"https://veteranstransitionsupport.org/donate/","text/html; charset=UTF-8","200","OK"
"https://veteranstransitionsupport.org/osha-30-training-for-veterans/","text/html; charset=UTF-8","200","OK"
"https://veteranstransitionsupport.org/about-us/","text/html; charset=UTF-8","200","OK"
"https://veteranstransitionsupport.org/no-cost-coursera/","text/html; charset=UTF-8","200","OK"
"https://veteranstransitionsupport.org/events/","text/html; charset=UTF-8","200","OK"
"https://veteranstransitionsupport.org/education-counseling/","text/html; charset=UTF-8","200","OK"
"https://veteranstransitionsupport.org/financials/","text/html; charset=UTF-8","200","OK"
"https://veteranstransitionsupport.org/no-cost-lean-six-sigma-yellow-belt-lssyb/","text/html; charset=UTF-8","200","OK"
"https://veteranstransitionsupport.org/va-work-study-program/","text/html; charset=UTF-8","200","OK"
"https://veteranstransitionsupport.org/veteran-resources/","text/html; charset=UTF-8","200","OK"
"https://veteranstransitionsupport.org/board-members/","text/html; charset=UTF-8","200","OK"
"https://veteranstransitionsupport.org/donors-sponsors/","text/html; charset=UTF-8","200","OK"
"https://veteranstransitionsupport.org/va-work-study-program-2/","text/html; charset=UTF-8","200","OK"
"https://veteranstransitionsupport.org/va-disability-filing/","text/html; charset=UTF-8","200","OK"
"https://veteranstransitionsupport.org/event/pre-discharge-va-disability-claim-prep-active-duty-zoom-may-19/","text/html; charset=UTF-8","200","OK"
"https://veteranstransitionsupport.org/volunteer-team/","text/html; charset=UTF-8","200","OK"
"https://veteranstransitionsupport.org/event/zoom-osha-30-hour-construction-safety-course-may-18-21-2026-250/","text/html; charset=UTF-8","200","OK"
"https://veteranstransitionsupport.org/va-home-loans/","text/html; charset=UTF-8","200","OK"
"https://veteranstransitionsupport.org/testimonies/","text/html; charset=UTF-8","200","OK"
"https://veteranstransitionsupport.org/vts-programs/","text/html; charset=UTF-8","200","OK"
"https://veteranstransitionsupport.org/no-cost-osha-10-safety-training/","text/html; charset=UTF-8","200","OK"
"https://veteranstransitionsupport.org/our-instructors/","text/html; charset=UTF-8","200","OK"
"https://veteranstransitionsupport.org/contact-us/","text/html; charset=UTF-8","200","OK"
"https://veteranstransitionsupport.org/event/free-on-line-coursera-certification-courses-for-military-and-spouse/","text/html; charset=UTF-8","200","OK"
"https://veteranstransitionsupport.org/gallery/","text/html; charset=UTF-8","200","OK"
"https://veteranstransitionsupport.org/volunteer/","text/html; charset=UTF-8","200","OK"
"https://veteranstransitionsupport.org/leansixsigmagreenbelt-for-veterans/","text/html; charset=UTF-8","200","OK"
"https://veteranstransitionsupport.org/privacy-policy/","text/html; charset=UTF-8","200","OK"
"https://veteranstransitionsupport.org/events-calendar/","text/html; charset=UTF-8","200","OK"
"https://veteranstransitionsupport.org/osha-30-safety-training/","text/html; charset=UTF-8","200","OK"
"https://veteranstransitionsupport.org/events/2026-05-08/","text/html; charset=UTF-8","200","OK"
"https://veteranstransitionsupport.org/events/2026-05-28/","text/html; charset=UTF-8","200","OK"
"https://veteranstransitionsupport.org/events/2026-05-16/","text/html; charset=UTF-8","200","OK"
"https://veteranstransitionsupport.org/events/2026-05-04/","text/html; charset=UTF-8","200","OK"
"https://veteranstransitionsupport.org/event/may-4-veteran-career-transition-brief-jobs-resources/","text/html; charset=UTF-8","200","OK"
"https://veteranstransitionsupport.org/events/2026-05-24/","text/html; charset=UTF-8","200","OK"
"https://veteranstransitionsupport.org/events/2026-05-12/","text/html; charset=UTF-8","200","OK"
"https://veteranstransitionsupport.org/event/250-osha-30-hr-construction-safety-in-person-only-may-2-3-9-10-2026/","text/html; charset=UTF-8","200","OK"
"https://veteranstransitionsupport.org/events/2026-05-31/","text/html; charset=UTF-8","200","OK"
"https://veteranstransitionsupport.org/event/may-4-veteran-career-transition-brief-jobs-resources-on-zoom/","text/html; charset=UTF-8","200","OK"
"https://veteranstransitionsupport.org/event/free-lean-six-sigma-yellow-belt-live-instructor-led-zoom-may-30-2026/","text/html; charset=UTF-8","200","OK"
"https://veteranstransitionsupport.org/events/month/2026-04/","text/html; charset=UTF-8","200","OK"
"https://veteranstransitionsupport.org/event/250-zoom-online-5-day-lean-six-sigma-green-belt-may-4-8-8-5pm-pst/","text/html; charset=UTF-8","200","OK"
"https://veteranstransitionsupport.org/events/2026-05-09/","text/html; charset=UTF-8","200","OK"
"https://veteranstransitionsupport.org/events/2026-05-29/","text/html; charset=UTF-8","200","OK"
"https://veteranstransitionsupport.org/events/2026-05-05/","text/html; charset=UTF-8","200","OK"
"https://veteranstransitionsupport.org/events/2026-05-17/","text/html; charset=UTF-8","200","OK"
"https://veteranstransitionsupport.org/events/2026-05-25/","text/html; charset=UTF-8","200","OK"
"https://veteranstransitionsupport.org/events/2026-05-13/","text/html; charset=UTF-8","200","OK"
"https://veteranstransitionsupport.org/events/2026-05-01/","text/html; charset=UTF-8","200","OK"
"https://veteranstransitionsupport.org/event/free-osha-10-hour-safety-training-may-02-03-san-marcos-ca/","text/html; charset=UTF-8","200","OK"
"https://veteranstransitionsupport.org/events/2026-05-21/","text/html; charset=UTF-8","200","OK"
"https://veteranstransitionsupport.org/event/250-zoom-online-5-day-lean-six-sigma-green-belt-05-30-31-06-6-7-8-5pm-pst/","text/html; charset=UTF-8","200","OK"
"https://veteranstransitionsupport.org/events/2026-05-20/","text/html; charset=UTF-8","200","OK"
"https://veteranstransitionsupport.org/event/free-osha-accident-investigation-recordkeeping-course-live-zoom-may-1/","text/html; charset=UTF-8","200","OK"
"https://veteranstransitionsupport.org/event/250-osha-30-hr-general-safety-live-instruction-04-11-12-18-19-2026/","text/html; charset=UTF-8","200","OK"
"https://veteranstransitionsupport.org/events/2026-05-06/","text/html; charset=UTF-8","200","OK"
"https://veteranstransitionsupport.org/events/2026-05-18/","text/html; charset=UTF-8","200","OK"
"https://veteranstransitionsupport.org/events/today/","text/html; charset=UTF-8","200","OK"
"https://veteranstransitionsupport.org/events/2026-05-26/","text/html; charset=UTF-8","200","OK"
"https://veteranstransitionsupport.org/events/2026-05-10/","text/html; charset=UTF-8","200","OK"
"https://veteranstransitionsupport.org/events/2026-05-14/","text/html; charset=UTF-8","200","OK"
"https://veteranstransitionsupport.org/events/month/2026-06/","text/html; charset=UTF-8","200","OK"
"https://veteranstransitionsupport.org/events/2026-05-02/","text/html; charset=UTF-8","200","OK"
"https://veteranstransitionsupport.org/events/2026-05-22/","text/html; charset=UTF-8","200","OK"
"https://veteranstransitionsupport.org/event/250-zoom-online-5-day-lean-six-sigma-green-belt-may-30-31-jun-6-7-8-5pmpst/","text/html; charset=UTF-8","200","OK"
"https://veteranstransitionsupport.org/events/2026-04-30/","text/html; charset=UTF-8","200","OK"
"https://veteranstransitionsupport.org/events/2026-05-19/","text/html; charset=UTF-8","200","OK"
"https://veteranstransitionsupport.org/events/2026-05-27/","text/html; charset=UTF-8","200","OK"
"https://veteranstransitionsupport.org/events/2026-05-07/","text/html; charset=UTF-8","200","OK"
"https://veteranstransitionsupport.org/events/list/","text/html; charset=UTF-8","200","OK"
"https://veteranstransitionsupport.org/events/2026-05-15/","text/html; charset=UTF-8","200","OK"
"https://veteranstransitionsupport.org/event/free-lean-six-sigma-yellow-belt-live-instructor-led-zoom-may-4-2026/","text/html; charset=UTF-8","200","OK"
"https://veteranstransitionsupport.org/events/month/","text/html; charset=UTF-8","200","OK"
"https://veteranstransitionsupport.org/events/2026-05-03/","text/html; charset=UTF-8","200","OK"
"https://veteranstransitionsupport.org/events/2026-05-23/","text/html; charset=UTF-8","200","OK"
"https://veteranstransitionsupport.org/events/2026-05-11/","text/html; charset=UTF-8","200","OK"
"https://veteranstransitionsupport.org/events/2026-05-30/","text/html; charset=UTF-8","200","OK"
"https://veteranstransitionsupport.org/event/may-30-veteran-career-transition-brief-jobs-resources/","text/html; charset=UTF-8","200","OK"
"https://veteranstransitionsupport.org/organizer/veterans-transition-support-vts/","text/html; charset=UTF-8","200","OK"
"https://veteranstransitionsupport.org/venue/vts/","text/html; charset=UTF-8","200","OK"
"https://veteranstransitionsupport.org/events/list/?tribe-bar-date=2026-05-12","text/html; charset=UTF-8","200","OK"
"https://veteranstransitionsupport.org/events/list/?tribe-bar-date=2026-05-24","text/html; charset=UTF-8","200","OK"
"https://veteranstransitionsupport.org/events/list/?tribe-bar-date=2026-05-04","text/html; charset=UTF-8","200","OK"
"https://veteranstransitionsupport.org/events/list/?tribe-bar-date=2026-05-16","text/html; charset=UTF-8","200","OK"
"https://veteranstransitionsupport.org/events/list/?tribe-bar-date=2026-05-28","text/html; charset=UTF-8","200","OK"
"https://veteranstransitionsupport.org/events/list/?tribe-bar-date=2026-05-08","text/html; charset=UTF-8","200","OK"
"https://veteranstransitionsupport.org/events/month/2026-05/","text/html; charset=UTF-8","200","OK"
