"Address","Occurrences","Meta Keywords 1","Meta Keywords 1 Length","Indexability","Indexability Status"
"https://veteranstransitionsupport.org/","0","","0","Indexable",""
"https://veteranstransitionsupport.org/donate/","0","","0","Indexable",""
"https://veteranstransitionsupport.org/osha-30-training-for-veterans/","0","","0","Indexable",""
"https://veteranstransitionsupport.org/about-us/","0","","0","Indexable",""
"https://veteranstransitionsupport.org/no-cost-coursera/","0","","0","Indexable",""
"https://veteranstransitionsupport.org/events/","0","","0","Indexable",""
"https://veteranstransitionsupport.org/education-counseling/","0","","0","Indexable",""
"https://veteranstransitionsupport.org/financials/","0","","0","Indexable",""
"https://veteranstransitionsupport.org/no-cost-lean-six-sigma-yellow-belt-lssyb/","0","","0","Indexable",""
"https://veteranstransitionsupport.org/va-work-study-program/","0","","0","Indexable",""
"https://veteranstransitionsupport.org/veteran-resources/","0","","0","Indexable",""
"https://veteranstransitionsupport.org/board-members/","0","","0","Indexable",""
"https://veteranstransitionsupport.org/donors-sponsors/","0","","0","Indexable",""
"https://veteranstransitionsupport.org/va-work-study-program-2/","0","","0","Indexable",""
"https://veteranstransitionsupport.org/va-disability-filing/","0","","0","Indexable",""
"https://veteranstransitionsupport.org/event/pre-discharge-va-disability-claim-prep-active-duty-zoom-may-19/","0","","0","Indexable",""
"https://veteranstransitionsupport.org/volunteer-team/","0","","0","Indexable",""
"https://veteranstransitionsupport.org/event/zoom-osha-30-hour-construction-safety-course-may-18-21-2026-250/","0","","0","Indexable",""
"https://veteranstransitionsupport.org/va-home-loans/","0","","0","Indexable",""
"https://veteranstransitionsupport.org/testimonies/","0","","0","Indexable",""
"https://veteranstransitionsupport.org/vts-programs/","0","","0","Indexable",""
"https://veteranstransitionsupport.org/no-cost-osha-10-safety-training/","0","","0","Indexable",""
"https://veteranstransitionsupport.org/our-instructors/","0","","0","Indexable",""
"https://veteranstransitionsupport.org/contact-us/","0","","0","Indexable",""
"https://veteranstransitionsupport.org/event/free-on-line-coursera-certification-courses-for-military-and-spouse/","0","","0","Indexable",""
"https://veteranstransitionsupport.org/gallery/","0","","0","Indexable",""
"https://veteranstransitionsupport.org/volunteer/","0","","0","Indexable",""
"https://veteranstransitionsupport.org/leansixsigmagreenbelt-for-veterans/","0","","0","Indexable",""
"https://veteranstransitionsupport.org/privacy-policy/","0","","0","Indexable",""
"https://veteranstransitionsupport.org/events-calendar/","0","","0","Indexable",""
"https://veteranstransitionsupport.org/osha-30-safety-training/","0","","0","Indexable",""
"https://veteranstransitionsupport.org/event/may-4-veteran-career-transition-brief-jobs-resources/","0","","0","Indexable",""
"https://veteranstransitionsupport.org/event/250-osha-30-hr-construction-safety-in-person-only-may-2-3-9-10-2026/","0","","0","Indexable",""
"https://veteranstransitionsupport.org/event/may-4-veteran-career-transition-brief-jobs-resources-on-zoom/","0","","0","Indexable",""
"https://veteranstransitionsupport.org/event/free-lean-six-sigma-yellow-belt-live-instructor-led-zoom-may-30-2026/","0","","0","Indexable",""
"https://veteranstransitionsupport.org/event/250-zoom-online-5-day-lean-six-sigma-green-belt-may-4-8-8-5pm-pst/","0","","0","Indexable",""
"https://veteranstransitionsupport.org/event/free-osha-10-hour-safety-training-may-02-03-san-marcos-ca/","0","","0","Indexable",""
"https://veteranstransitionsupport.org/event/250-zoom-online-5-day-lean-six-sigma-green-belt-05-30-31-06-6-7-8-5pm-pst/","0","","0","Indexable",""
"https://veteranstransitionsupport.org/event/free-osha-accident-investigation-recordkeeping-course-live-zoom-may-1/","0","","0","Indexable",""
"https://veteranstransitionsupport.org/event/250-osha-30-hr-general-safety-live-instruction-04-11-12-18-19-2026/","0","","0","Indexable",""
"https://veteranstransitionsupport.org/event/250-zoom-online-5-day-lean-six-sigma-green-belt-may-30-31-jun-6-7-8-5pmpst/","0","","0","Indexable",""
"https://veteranstransitionsupport.org/event/free-lean-six-sigma-yellow-belt-live-instructor-led-zoom-may-4-2026/","0","","0","Indexable",""
"https://veteranstransitionsupport.org/event/may-30-veteran-career-transition-brief-jobs-resources/","0","","0","Indexable",""
"https://veteranstransitionsupport.org/organizer/veterans-transition-support-vts/","0","","0","Indexable",""
"https://veteranstransitionsupport.org/venue/vts/","0","","0","Indexable",""
