"Address","PSI Request Status","Mobile Alternate Link"
"https://veteranstransitionsupport.org/","",""
"https://veteranstransitionsupport.org/donate/","",""
"https://veteranstransitionsupport.org/osha-30-training-for-veterans/","",""
"https://veteranstransitionsupport.org/about-us/","",""
"https://veteranstransitionsupport.org/no-cost-coursera/","",""
"https://veteranstransitionsupport.org/events/","",""
"https://veteranstransitionsupport.org/education-counseling/","",""
"https://veteranstransitionsupport.org/financials/","",""
"https://veteranstransitionsupport.org/no-cost-lean-six-sigma-yellow-belt-lssyb/","",""
"https://veteranstransitionsupport.org/va-work-study-program/","",""
"https://veteranstransitionsupport.org/veteran-resources/","",""
"https://veteranstransitionsupport.org/board-members/","",""
"https://veteranstransitionsupport.org/donors-sponsors/","",""
"https://veteranstransitionsupport.org/va-work-study-program-2/","",""
"https://veteranstransitionsupport.org/va-disability-filing/","",""
"https://veteranstransitionsupport.org/event/pre-discharge-va-disability-claim-prep-active-duty-zoom-may-19/","",""
"https://veteranstransitionsupport.org/volunteer-team/","",""
"https://veteranstransitionsupport.org/event/zoom-osha-30-hour-construction-safety-course-may-18-21-2026-250/","",""
"https://veteranstransitionsupport.org/va-home-loans/","",""
"https://veteranstransitionsupport.org/testimonies/","",""
"https://veteranstransitionsupport.org/vts-programs/","",""
"https://veteranstransitionsupport.org/no-cost-osha-10-safety-training/","",""
"https://veteranstransitionsupport.org/our-instructors/","",""
"https://veteranstransitionsupport.org/contact-us/","",""
"https://veteranstransitionsupport.org/event/free-on-line-coursera-certification-courses-for-military-and-spouse/","",""
"https://veteranstransitionsupport.org/gallery/","",""
"https://veteranstransitionsupport.org/volunteer/","",""
"https://veteranstransitionsupport.org/leansixsigmagreenbelt-for-veterans/","",""
"https://veteranstransitionsupport.org/privacy-policy/","",""
"https://veteranstransitionsupport.org/events-calendar/","",""
"https://veteranstransitionsupport.org/osha-30-safety-training/","",""
"https://veteranstransitionsupport.org/events/2026-05-08/","",""
"https://veteranstransitionsupport.org/events/2026-05-28/","",""
"https://veteranstransitionsupport.org/events/2026-05-16/","",""
"https://veteranstransitionsupport.org/events/2026-05-04/","",""
"https://veteranstransitionsupport.org/event/may-4-veteran-career-transition-brief-jobs-resources/","",""
"https://veteranstransitionsupport.org/events/2026-05-24/","",""
"https://veteranstransitionsupport.org/events/2026-05-12/","",""
"https://veteranstransitionsupport.org/event/250-osha-30-hr-construction-safety-in-person-only-may-2-3-9-10-2026/","",""
"https://veteranstransitionsupport.org/events/2026-05-31/","",""
"https://veteranstransitionsupport.org/event/may-4-veteran-career-transition-brief-jobs-resources-on-zoom/","",""
"https://veteranstransitionsupport.org/event/free-lean-six-sigma-yellow-belt-live-instructor-led-zoom-may-30-2026/","",""
"https://veteranstransitionsupport.org/events/month/2026-04/","",""
"https://veteranstransitionsupport.org/event/250-zoom-online-5-day-lean-six-sigma-green-belt-may-4-8-8-5pm-pst/","",""
"https://veteranstransitionsupport.org/events/2026-05-09/","",""
"https://veteranstransitionsupport.org/events/2026-05-29/","",""
"https://veteranstransitionsupport.org/events/2026-05-05/","",""
"https://veteranstransitionsupport.org/events/2026-05-17/","",""
"https://veteranstransitionsupport.org/events/2026-05-25/","",""
"https://veteranstransitionsupport.org/events/2026-05-13/","",""
"https://veteranstransitionsupport.org/events/2026-05-01/","",""
"https://veteranstransitionsupport.org/event/free-osha-10-hour-safety-training-may-02-03-san-marcos-ca/","",""
"https://veteranstransitionsupport.org/events/2026-05-21/","",""
"https://veteranstransitionsupport.org/event/250-zoom-online-5-day-lean-six-sigma-green-belt-05-30-31-06-6-7-8-5pm-pst/","",""
"https://veteranstransitionsupport.org/events/2026-05-20/","",""
"https://veteranstransitionsupport.org/event/free-osha-accident-investigation-recordkeeping-course-live-zoom-may-1/","",""
"https://veteranstransitionsupport.org/event/250-osha-30-hr-general-safety-live-instruction-04-11-12-18-19-2026/","",""
"https://veteranstransitionsupport.org/events/2026-05-06/","",""
"https://veteranstransitionsupport.org/events/2026-05-18/","",""
"https://veteranstransitionsupport.org/events/today/","",""
"https://veteranstransitionsupport.org/events/2026-05-26/","",""
"https://veteranstransitionsupport.org/events/2026-05-10/","",""
"https://veteranstransitionsupport.org/events/2026-05-14/","",""
"https://veteranstransitionsupport.org/events/month/2026-06/","",""
"https://veteranstransitionsupport.org/events/2026-05-02/","",""
"https://veteranstransitionsupport.org/events/2026-05-22/","",""
"https://veteranstransitionsupport.org/event/250-zoom-online-5-day-lean-six-sigma-green-belt-may-30-31-jun-6-7-8-5pmpst/","",""
"https://veteranstransitionsupport.org/events/2026-04-30/","",""
"https://veteranstransitionsupport.org/events/2026-05-19/","",""
"https://veteranstransitionsupport.org/events/2026-05-27/","",""
"https://veteranstransitionsupport.org/events/2026-05-07/","",""
"https://veteranstransitionsupport.org/events/list/","",""
"https://veteranstransitionsupport.org/events/2026-05-15/","",""
"https://veteranstransitionsupport.org/event/free-lean-six-sigma-yellow-belt-live-instructor-led-zoom-may-4-2026/","",""
"https://veteranstransitionsupport.org/events/month/","",""
"https://veteranstransitionsupport.org/events/2026-05-03/","",""
"https://veteranstransitionsupport.org/events/2026-05-23/","",""
"https://veteranstransitionsupport.org/events/2026-05-11/","",""
"https://veteranstransitionsupport.org/events/2026-05-30/","",""
"https://veteranstransitionsupport.org/event/may-30-veteran-career-transition-brief-jobs-resources/","",""
"https://veteranstransitionsupport.org/organizer/veterans-transition-support-vts/","",""
"https://veteranstransitionsupport.org/venue/vts/","",""
"https://veteranstransitionsupport.org/events/list/?tribe-bar-date=2026-05-12","",""
"https://veteranstransitionsupport.org/events/list/?tribe-bar-date=2026-05-24","",""
"https://veteranstransitionsupport.org/events/list/?tribe-bar-date=2026-05-04","",""
"https://veteranstransitionsupport.org/events/list/?tribe-bar-date=2026-05-16","",""
"https://veteranstransitionsupport.org/events/list/?tribe-bar-date=2026-05-28","",""
"https://veteranstransitionsupport.org/events/list/?tribe-bar-date=2026-05-08","",""
"https://veteranstransitionsupport.org/events/month/2026-05/","",""
