"Address","Indexability","Indexability Status","rel=""next"" 1","rel=""prev"" 1","HTTP rel=""next"" 1","HTTP rel=""prev"" 1","Canonical Link Element 1","HTTP Canonical","Meta Robots 1","X-Robots-Tag 1"
"https://veteranstransitionsupport.org/events/2026-05-08/","Non-Indexable","Canonicalised","https://veteranstransitionsupport.org/events/page/2/","","","","https://veteranstransitionsupport.org/events/","","follow, index",""
"https://veteranstransitionsupport.org/events/2026-05-28/","Non-Indexable","Canonicalised","https://veteranstransitionsupport.org/events/page/2/","","","","https://veteranstransitionsupport.org/events/","","follow, index",""
"https://veteranstransitionsupport.org/events/2026-05-16/","Non-Indexable","Canonicalised","https://veteranstransitionsupport.org/events/page/2/","","","","https://veteranstransitionsupport.org/events/","","follow, index",""
"https://veteranstransitionsupport.org/events/2026-05-04/","Non-Indexable","Canonicalised","https://veteranstransitionsupport.org/events/page/2/","","","","https://veteranstransitionsupport.org/events/","","follow, index",""
"https://veteranstransitionsupport.org/events/2026-05-24/","Non-Indexable","Canonicalised","https://veteranstransitionsupport.org/events/page/2/","","","","https://veteranstransitionsupport.org/events/","","follow, index",""
"https://veteranstransitionsupport.org/events/2026-05-12/","Non-Indexable","Canonicalised","https://veteranstransitionsupport.org/events/page/2/","","","","https://veteranstransitionsupport.org/events/","","follow, index",""
"https://veteranstransitionsupport.org/events/2026-05-31/","Non-Indexable","Canonicalised","https://veteranstransitionsupport.org/events/page/2/","","","","https://veteranstransitionsupport.org/events/","","follow, index",""
"https://veteranstransitionsupport.org/events/month/2026-04/","Non-Indexable","Canonicalised","https://veteranstransitionsupport.org/events/page/2/","","","","https://veteranstransitionsupport.org/events/","","follow, index",""
"https://veteranstransitionsupport.org/events/2026-05-09/","Non-Indexable","Canonicalised","https://veteranstransitionsupport.org/events/page/2/","","","","https://veteranstransitionsupport.org/events/","","follow, index",""
"https://veteranstransitionsupport.org/events/2026-05-29/","Non-Indexable","Canonicalised","https://veteranstransitionsupport.org/events/page/2/","","","","https://veteranstransitionsupport.org/events/","","follow, index",""
"https://veteranstransitionsupport.org/events/2026-05-05/","Non-Indexable","Canonicalised","https://veteranstransitionsupport.org/events/page/2/","","","","https://veteranstransitionsupport.org/events/","","follow, index",""
"https://veteranstransitionsupport.org/events/2026-05-17/","Non-Indexable","Canonicalised","https://veteranstransitionsupport.org/events/page/2/","","","","https://veteranstransitionsupport.org/events/","","follow, index",""
"https://veteranstransitionsupport.org/events/2026-05-25/","Non-Indexable","Canonicalised","https://veteranstransitionsupport.org/events/page/2/","","","","https://veteranstransitionsupport.org/events/","","follow, index",""
"https://veteranstransitionsupport.org/events/2026-05-13/","Non-Indexable","Canonicalised","https://veteranstransitionsupport.org/events/page/2/","","","","https://veteranstransitionsupport.org/events/","","follow, index",""
"https://veteranstransitionsupport.org/events/2026-05-01/","Non-Indexable","Canonicalised","https://veteranstransitionsupport.org/events/page/2/","","","","https://veteranstransitionsupport.org/events/","","follow, index",""
"https://veteranstransitionsupport.org/events/2026-05-21/","Non-Indexable","Canonicalised","https://veteranstransitionsupport.org/events/page/2/","","","","https://veteranstransitionsupport.org/events/","","follow, index",""
"https://veteranstransitionsupport.org/events/2026-05-20/","Non-Indexable","Canonicalised","https://veteranstransitionsupport.org/events/page/2/","","","","https://veteranstransitionsupport.org/events/","","follow, index",""
"https://veteranstransitionsupport.org/events/2026-05-06/","Non-Indexable","Canonicalised","https://veteranstransitionsupport.org/events/page/2/","","","","https://veteranstransitionsupport.org/events/","","follow, index",""
"https://veteranstransitionsupport.org/events/2026-05-18/","Non-Indexable","Canonicalised","https://veteranstransitionsupport.org/events/page/2/","","","","https://veteranstransitionsupport.org/events/","","follow, index",""
"https://veteranstransitionsupport.org/events/today/","Non-Indexable","Canonicalised","https://veteranstransitionsupport.org/events/page/2/","","","","https://veteranstransitionsupport.org/events/","","follow, index",""
"https://veteranstransitionsupport.org/events/2026-05-26/","Non-Indexable","Canonicalised","https://veteranstransitionsupport.org/events/page/2/","","","","https://veteranstransitionsupport.org/events/","","follow, index",""
"https://veteranstransitionsupport.org/events/2026-05-10/","Non-Indexable","Canonicalised","https://veteranstransitionsupport.org/events/page/2/","","","","https://veteranstransitionsupport.org/events/","","follow, index",""
"https://veteranstransitionsupport.org/events/2026-05-14/","Non-Indexable","Canonicalised","https://veteranstransitionsupport.org/events/page/2/","","","","https://veteranstransitionsupport.org/events/","","follow, index",""
"https://veteranstransitionsupport.org/events/month/2026-06/","Non-Indexable","Canonicalised","https://veteranstransitionsupport.org/events/page/2/","","","","https://veteranstransitionsupport.org/events/","","follow, index",""
"https://veteranstransitionsupport.org/events/2026-05-02/","Non-Indexable","Canonicalised","https://veteranstransitionsupport.org/events/page/2/","","","","https://veteranstransitionsupport.org/events/","","follow, index",""
"https://veteranstransitionsupport.org/events/2026-05-22/","Non-Indexable","Canonicalised","https://veteranstransitionsupport.org/events/page/2/","","","","https://veteranstransitionsupport.org/events/","","follow, index",""
"https://veteranstransitionsupport.org/events/2026-04-30/","Non-Indexable","Canonicalised","https://veteranstransitionsupport.org/events/page/2/","","","","https://veteranstransitionsupport.org/events/","","follow, index",""
"https://veteranstransitionsupport.org/events/2026-05-19/","Non-Indexable","Canonicalised","https://veteranstransitionsupport.org/events/page/2/","","","","https://veteranstransitionsupport.org/events/","","follow, index",""
"https://veteranstransitionsupport.org/events/2026-05-27/","Non-Indexable","Canonicalised","https://veteranstransitionsupport.org/events/page/2/","","","","https://veteranstransitionsupport.org/events/","","follow, index",""
"https://veteranstransitionsupport.org/events/2026-05-07/","Non-Indexable","Canonicalised","https://veteranstransitionsupport.org/events/page/2/","","","","https://veteranstransitionsupport.org/events/","","follow, index",""
"https://veteranstransitionsupport.org/events/list/","Non-Indexable","Canonicalised","https://veteranstransitionsupport.org/events/page/2/","","","","https://veteranstransitionsupport.org/events/","","follow, index",""
"https://veteranstransitionsupport.org/events/2026-05-15/","Non-Indexable","Canonicalised","https://veteranstransitionsupport.org/events/page/2/","","","","https://veteranstransitionsupport.org/events/","","follow, index",""
"https://veteranstransitionsupport.org/events/month/","Non-Indexable","Canonicalised","https://veteranstransitionsupport.org/events/page/2/","","","","https://veteranstransitionsupport.org/events/","","follow, index",""
"https://veteranstransitionsupport.org/events/2026-05-03/","Non-Indexable","Canonicalised","https://veteranstransitionsupport.org/events/page/2/","","","","https://veteranstransitionsupport.org/events/","","follow, index",""
"https://veteranstransitionsupport.org/events/2026-05-23/","Non-Indexable","Canonicalised","https://veteranstransitionsupport.org/events/page/2/","","","","https://veteranstransitionsupport.org/events/","","follow, index",""
"https://veteranstransitionsupport.org/events/2026-05-11/","Non-Indexable","Canonicalised","https://veteranstransitionsupport.org/events/page/2/","","","","https://veteranstransitionsupport.org/events/","","follow, index",""
"https://veteranstransitionsupport.org/events/2026-05-30/","Non-Indexable","Canonicalised","https://veteranstransitionsupport.org/events/page/2/","","","","https://veteranstransitionsupport.org/events/","","follow, index",""
"https://veteranstransitionsupport.org/events/list/?tribe-bar-date=2026-05-12","Non-Indexable","Canonicalised","https://veteranstransitionsupport.org/events/page/2/","","","","https://veteranstransitionsupport.org/events/","","follow, index",""
"https://veteranstransitionsupport.org/events/list/?tribe-bar-date=2026-05-24","Non-Indexable","Canonicalised","https://veteranstransitionsupport.org/events/page/2/","","","","https://veteranstransitionsupport.org/events/","","follow, index",""
"https://veteranstransitionsupport.org/events/list/?tribe-bar-date=2026-05-04","Non-Indexable","Canonicalised","https://veteranstransitionsupport.org/events/page/2/","","","","https://veteranstransitionsupport.org/events/","","follow, index",""
"https://veteranstransitionsupport.org/events/list/?tribe-bar-date=2026-05-16","Non-Indexable","Canonicalised","https://veteranstransitionsupport.org/events/page/2/","","","","https://veteranstransitionsupport.org/events/","","follow, index",""
"https://veteranstransitionsupport.org/events/list/?tribe-bar-date=2026-05-28","Non-Indexable","Canonicalised","https://veteranstransitionsupport.org/events/page/2/","","","","https://veteranstransitionsupport.org/events/","","follow, index",""
"https://veteranstransitionsupport.org/events/list/?tribe-bar-date=2026-05-08","Non-Indexable","Canonicalised","https://veteranstransitionsupport.org/events/page/2/","","","","https://veteranstransitionsupport.org/events/","","follow, index",""
"https://veteranstransitionsupport.org/events/month/2026-05/","Non-Indexable","Canonicalised","https://veteranstransitionsupport.org/events/page/2/","","","","https://veteranstransitionsupport.org/events/","","follow, index",""
